bm25core,tes,ov,useful
26.72075923,0.602739726,0.5,no
23.05431324,0.821917808,0.722222222,yes
18.32988113,0.684931507,0.444444444,no
18.32988113,0.684931507,0.444444444,no
17.99564863,0.602739726,0.5,no
17.9890332,0.684931507,0.444444444,no
17.66063013,0.575342466,0.333333333,no
17.60676025,0.767123288,0.666666667,no
16.97871821,0.753424658,0.722222222,no
15.39176385,0.671232877,0.555555556,no
15.22623457,0.547945205,0.444444444,no
14.2109803,0.794520548,0.611111111,no
14.13646199,0.767123288,0.611111111,no
14.13646199,0.767123288,0.611111111,no
14.1170746,0.684931507,0.5,no
13.95434944,0.520547945,0.5,no
13.47559113,0.780821918,0.555555556,no
13.32351042,0.698630137,0.555555556,no
13.22054879,0.726027397,0.5,no
12.9360964,0.493150685,0.333333333,no
12.91372853,0.780821918,0.611111111,no
12.73156815,0.712328767,0.555555556,no
12.55217223,0.534246575,0.277777778,no
12.47429266,0.506849315,0.277777778,no
12.35610803,0.739726027,0.5,no
12.12042693,0.602739726,0.277777778,no
12.08824358,0.616438356,0.444444444,no
12.0715351,0.602739726,0.5,no
11.81357919,0.657534247,0.5,no
11.76873987,0.684931507,0.555555556,no
30.32934001,0.564705882,0.476190476,no
26.8668816,0.811764706,0.80952381,yes
26.04264621,0.470588235,0.428571429,no
25.45675938,0.752941176,0.666666667,yes
24.40214711,0.847058824,0.80952381,yes
23.57793523,0.529411765,0.428571429,yes
23.57793523,0.529411765,0.428571429,yes
22.40253744,0.788235294,0.714285714,yes
21.98256772,0.576470588,0.428571429,no
21.93152036,0.682352941,0.523809524,no
20.98506355,0.917647059,0.857142857,yes
20.82053432,0.6,0.523809524,no
20.12265485,0.564705882,0.523809524,yes
18.551514,0.658823529,0.571428571,yes
18.52934777,0.694117647,0.714285714,yes
17.85538052,0.811764706,0.666666667,yes
17.37004229,0.482352941,0.238095238,no
16.76342548,0.8,0.523809524,no
15.6877003,0.611764706,0.571428571,no
15.04035873,0.529411765,0.333333333,no
14.63899618,0.541176471,0.380952381,no
14.54167087,0.670588235,0.428571429,no
14.5248707,0.717647059,0.428571429,no
14.22644391,0.588235294,0.380952381,no
14.17353735,0.717647059,0.619047619,no
13.8893151,0.635294118,0.380952381,no
13.63983327,0.682352941,0.571428571,no
13.23057221,0.8,0.476190476,no
13.20035545,0.6,0.333333333,no
13.19586907,0.717647059,0.476190476,no
15.93862677,0.941176471,1,yes
15.48436061,0.588235294,0.416666667,no
15.15333765,0.490196078,0.5,no
15.15333765,0.62745098,0.5,no
15.15333765,0.450980392,0.333333333,no
14.19046412,0.803921569,0.666666667,yes
13.49341799,0.490196078,0.583333333,yes
13.31078228,0.745098039,0.5,no
13.07634382,0.529411765,0.583333333,no
12.63139845,0.647058824,0.5,no
12.55849444,0.921568627,0.75,no
12.48442988,0.62745098,0.5,no
12.26835142,0.588235294,0.5,no
11.74951008,0.784313725,0.5,no
11.28224721,0.784313725,0.583333333,no
10.94260212,0.745098039,0.5,no
10.94260212,0.705882353,0.5,no
10.79483341,0.803921569,0.666666667,no
10.79483341,0.803921569,0.666666667,no
10.79471307,0.803921569,0.666666667,yes
10.49830791,0.843137255,0.75,yes
10.41223436,0.784313725,0.583333333,yes
10.15654074,0.725490196,0.75,no
10.01154368,0.843137255,0.666666667,no
9.908869659,0.803921569,0.666666667,no
9.875437224,0.666666667,0.416666667,no
9.767676981,0.823529412,0.666666667,no
9.747145658,0.431372549,0.25,no
9.738248862,0.745098039,0.583333333,no
9.644445546,0.862745098,0.75,no
21.65950287,0.538461538,0.533333333,yes
21.02993651,0.596153846,0.666666667,no
21.02993651,0.596153846,0.666666667,no
20.70954363,0.596153846,0.666666667,no
20.05490002,0.596153846,0.666666667,yes
19.37769053,0.788461538,0.733333333,yes
19.22206453,0.653846154,0.6,yes
16.5321448,0.884615385,0.6,yes
16.1234365,0.884615385,0.6,yes
16.07863519,0.769230769,0.6,no
15.94193273,0.634615385,0.666666667,yes
15.65960383,0.692307692,0.533333333,no
15.055513,0.634615385,0.666666667,yes
14.34812488,0.576923077,0.466666667,yes
13.95295423,0.807692308,0.533333333,yes
13.4245698,0.480769231,0.4,no
13.30164313,0.75,0.666666667,yes
13.21416393,0.788461538,0.533333333,no
13.15343444,0.557692308,0.4,no
12.91591547,0.557692308,0.266666667,yes
12.59352116,0.5,0.333333333,no
12.11777704,0.673076923,0.466666667,no
11.82650345,0.730769231,0.333333333,no
11.6445275,0.519230769,0.266666667,yes
11.59183914,0.653846154,0.6,no
11.50291736,0.769230769,0.733333333,yes
11.44480929,0.692307692,0.333333333,yes
11.43673409,0.730769231,0.333333333,no
11.1932142,0.769230769,0.4,no
11.19201455,0.846153846,0.533333333,yes
27.12977479,0.265306122,0.304347826,no
26.44019194,0.612244898,0.52173913,yes
20.15909984,0.714285714,0.52173913,yes
19.73072424,0.642857143,0.565217391,no
19.06112076,0.602040816,0.391304348,no
19.05048442,0.704081633,0.434782609,no
19.00627324,0.806122449,0.608695652,yes
18.24094036,0.510204082,0.304347826,no
18.03615152,0.734693878,0.652173913,no
18.01636213,0.663265306,0.52173913,yes
17.169565,0.653061224,0.565217391,yes
16.7439297,0.540816327,0.347826087,no
16.70443869,0.795918367,0.47826087,no
16.37654596,0.653061224,0.434782609,no
16.27460466,0.571428571,0.391304348,no
16.20002226,0.714285714,0.434782609,no
16.16135655,0.673469388,0.434782609,no
15.65417822,0.408163265,0.260869565,no
15.62286066,0.704081633,0.434782609,no
15.48616064,0.734693878,0.47826087,no
15.35823035,0.591836735,0.304347826,no
15.35119378,0.520408163,0.347826087,no
15.20273279,0.714285714,0.47826087,no
15.20166878,0.591836735,0.347826087,no
15.06404454,0.591836735,0.304347826,no
14.97344633,0.642857143,0.391304348,yes
14.97180017,0.540816327,0.304347826,no
14.97180017,0.551020408,0.260869565,no
14.94167023,0.642857143,0.391304348,no
14.85207039,0.714285714,0.434782609,no
17.52020431,0.536231884,0.388888889,yes
16.12986453,0.666666667,0.444444444,no
14.56214541,0.666666667,0.555555556,no
14.38074501,0.594202899,0.388888889,no
14.21390438,0.579710145,0.388888889,no
14.01855327,0.623188406,0.555555556,no
13.9328181,0.594202899,0.5,no
13.62019508,0.768115942,0.611111111,no
13.39965404,0.68115942,0.5,no
13.33205277,0.637681159,0.5,no
13.32392659,0.52173913,0.388888889,no
12.88309182,0.753623188,0.666666667,no
12.83745038,0.594202899,0.388888889,no
12.81822041,0.492753623,0.333333333,no
12.76693321,0.695652174,0.555555556,no
12.76693321,0.695652174,0.555555556,no
12.76693321,0.695652174,0.555555556,no
12.71008449,0.768115942,0.555555556,no
12.54455372,0.637681159,0.444444444,no
12.50151712,0.768115942,0.611111111,no
12.37217838,0.579710145,0.5,no
12.28162322,0.376811594,0.388888889,no
12.23299029,0.710144928,0.555555556,no
12.14067795,0.47826087,0.388888889,no
11.80203866,0.68115942,0.555555556,no
11.6964486,0.608695652,0.5,no
11.65315428,0.652173913,0.444444444,no
11.60898406,0.304347826,0.055555556,no
11.57214125,0.724637681,0.555555556,no
11.50767143,0.768115942,0.555555556,no
22.59224886,0.514705882,0.533333333,yes
22.1023864,0.470588235,0.4,yes
20.36542144,0.794117647,0.6,no
19.98719261,0.632352941,0.466666667,yes
19.96534269,0.544117647,0.466666667,yes
18.58360199,0.676470588,0.466666667,yes
18.27299902,0.720588235,0.533333333,yes
18.09951839,0.897058824,0.6,yes
18.00163963,0.691176471,0.8,yes
17.93620495,0.602941176,0.466666667,no
17.7779345,0.691176471,0.466666667,no
17.67345171,0.867647059,0.666666667,yes
17.24792046,0.573529412,0.4,no
16.65913903,0.838235294,0.666666667,yes
16.58693032,0.647058824,0.4,no
16.41200165,0.632352941,0.533333333,no
16.35519194,0.823529412,0.533333333,no
16.30421909,0.705882353,0.4,yes
16.16905265,0.705882353,0.533333333,no
16.11750642,0.823529412,0.8,yes
16.0323463,0.705882353,0.533333333,no
15.9961675,0.676470588,0.466666667,yes
15.98230289,0.764705882,0.533333333,no
15.68490599,0.705882353,0.666666667,yes
15.56271463,0.720588235,0.6,no
15.12682972,0.838235294,0.533333333,yes
14.98596827,0.735294118,0.466666667,no
14.98445834,0.823529412,0.666666667,no
14.85102937,0.720588235,0.4,yes
14.84649116,0.720588235,0.666666667,yes
25.89218714,0.67032967,0.5,no
20.90439733,0.725274725,0.5,yes
20.40355814,0.615384615,0.45,no
19.21606161,0.461538462,0.55,no
19.17386838,0.604395604,0.35,no
19.14013745,0.494505495,0.4,no
18.90047458,0.56043956,0.3,yes
17.75061835,0.681318681,0.5,no
17.3688271,0.769230769,0.55,no
16.41457645,0.571428571,0.4,no
16.36128174,0.615384615,0.35,yes
16.06980342,0.571428571,0.45,no
15.37955551,0.549450549,0.4,no
15.02815756,0.483516484,0.3,no
14.85170052,0.714285714,0.55,no
14.78355702,0.769230769,0.5,no
14.06350067,0.549450549,0.45,no
13.78602715,0.527472527,0.35,no
13.35895033,0.703296703,0.55,no
13.35243873,0.505494505,0.35,no
13.28507129,0.604395604,0.4,no
13.25597048,0.681318681,0.35,no
13.19032696,0.516483516,0.3,no
12.43382582,0.56043956,0.4,no
12.32701581,0.681318681,0.35,no
12.30671532,0.582417582,0.35,no
12.18730098,0.593406593,0.3,no
12.18232904,0.703296703,0.55,no
11.95571795,0.593406593,0.4,no
11.9322534,0.714285714,0.55,no
18.28298011,0.5,0.454545455,no
18.17058364,0.761904762,0.545454545,no
17.96510429,0.69047619,0.363636364,no
16.84491119,0.595238095,0.454545455,no
16.69717742,0.642857143,0.363636364,no
16.65387471,0.642857143,0.454545455,no
15.94983031,0.547619048,0.363636364,no
15.94983031,0.547619048,0.363636364,no
15.93909649,0.5,0.272727273,no
15.86671818,0.80952381,0.727272727,yes
15.59753379,0.666666667,0.363636364,no
15.44071187,0.595238095,0.363636364,yes
15.3635179,0.642857143,0.545454545,no
15.21333028,0.666666667,0.454545455,no
15.09231275,0.738095238,0.545454545,yes
15.01557808,0.571428571,0.272727273,no
14.93330144,0.595238095,0.363636364,no
14.93330144,0.595238095,0.363636364,no
14.59865258,0.785714286,0.636363636,yes
14.55014794,0.80952381,0.545454545,no
14.06847065,0.642857143,0.545454545,no
14.06847065,0.642857143,0.545454545,no
13.84038647,0.595238095,0.272727273,no
13.56081216,0.571428571,0.363636364,no
13.56081216,0.571428571,0.363636364,no
13.56081216,0.571428571,0.363636364,no
13.56081216,0.571428571,0.363636364,no
13.56081216,0.571428571,0.363636364,no
13.56081216,0.571428571,0.363636364,no
13.56081216,0.571428571,0.363636364,no
30.77451675,0.47761194,0.588235294,no
26.01613855,0.552238806,0.470588235,no
25.41210078,0.71641791,0.764705882,yes
22.34593417,0.626865672,0.588235294,no
20.94719722,0.626865672,0.529411765,no
20.35415673,0.611940299,0.529411765,no
19.96534269,0.47761194,0.352941176,no
19.27350518,0.641791045,0.529411765,no
19.08983159,0.731343284,0.529411765,no
18.78173832,0.671641791,0.529411765,no
18.77897931,0.955223881,0.882352941,yes
18.49949076,0.686567164,0.529411765,no
17.56309648,0.626865672,0.470588235,no
17.24792046,0.552238806,0.470588235,no
17.23750044,0.820895522,0.647058824,no
17.19077349,0.731343284,0.588235294,no
17.18792974,0.611940299,0.588235294,no
17.16713206,0.537313433,0.529411765,yes
17.07302645,0.731343284,0.588235294,yes
16.82549375,0.850746269,0.647058824,no
16.57946614,0.611940299,0.529411765,no
16.54874585,0.701492537,0.588235294,no
16.48497011,0.805970149,0.529411765,no
16.47692721,0.835820896,0.529411765,no
16.24988868,0.71641791,0.588235294,no
16.08746254,0.731343284,0.529411765,no
15.93630281,0.671641791,0.529411765,no
15.7689434,0.820895522,0.647058824,no
15.70500274,0.641791045,0.529411765,no
15.60697728,0.686567164,0.529411765,no
27.65705272,0.644444444,0.545454545,no
25.34454699,0.933333333,0.727272727,yes
21.04132655,0.711111111,0.636363636,yes
20.67558634,0.733333333,0.636363636,yes
19.67626329,0.822222222,0.636363636,yes
19.46419868,0.666666667,0.545454545,yes
18.79043238,0.711111111,0.545454545,yes
18.26675774,0.711111111,0.636363636,yes
18.1162373,0.577777778,0.454545455,no
18.00866994,0.711111111,0.636363636,yes
17.57377627,0.644444444,0.545454545,no
16.73370055,0.644444444,0.545454545,yes
16.39148302,0.733333333,0.545454545,yes
16.01805396,0.711111111,0.545454545,yes
15.79322241,0.666666667,0.454545455,no
15.78343778,0.622222222,0.545454545,no
15.60328005,0.844444444,0.727272727,yes
15.05765565,0.6,0.454545455,no
14.44209581,0.666666667,0.454545455,no
14.24125297,0.755555556,0.454545455,no
13.92906235,0.733333333,0.454545455,no
13.22934337,0.8,0.727272727,yes
13.17049592,0.822222222,0.636363636,yes
13.15871743,0.688888889,0.454545455,no
12.86075038,0.511111111,0.363636364,no
12.80602765,0.755555556,0.545454545,yes
12.75614088,0.8,0.545454545,yes
12.7367623,0.777777778,0.454545455,no
12.67455356,0.666666667,0.545454545,no
12.48918635,0.755555556,0.454545455,no
24.20381249,0.770833333,0.583333333,yes
23.80963188,0.625,0.666666667,no
22.89110842,0.666666667,0.583333333,no
21.93249322,0.8125,0.75,yes
20.79657955,0.666666667,0.583333333,no
20.70047822,0.645833333,0.666666667,no
20.34715256,0.458333333,0.5,yes
19.56745484,0.666666667,0.416666667,no
19.56745484,0.625,0.416666667,no
19.36567938,0.625,0.583333333,no
19.30284811,0.583333333,0.5,no
19.21008396,0.666666667,0.666666667,no
19.03000682,0.6875,0.416666667,no
18.86158138,0.729166667,0.666666667,yes
18.37106473,0.604166667,0.583333333,no
18.24670415,0.8125,0.666666667,no
18.24327816,0.4375,0.333333333,no
18.04601067,0.708333333,0.583333333,no
17.86834114,0.583333333,0.5,no
17.82654898,0.395833333,0.333333333,no
17.51431615,0.6875,0.5,no
17.34587689,0.833333333,0.75,yes
17.3100358,0.541666667,0.416666667,no
17.1580663,0.5,0.416666667,no
17.00492341,0.8125,0.666666667,no
16.97793677,0.666666667,0.5,no
16.86529377,0.770833333,0.583333333,no
16.78740944,0.895833333,0.666666667,no
16.72937766,0.6875,0.5,no
16.55057584,0.645833333,0.5,no
59.85138926,0.722222222,0.894736842,no
24.69742154,0.513888889,0.473684211,no
23.6368825,0.541666667,0.421052632,no
23.41813305,0.527777778,0.368421053,no
22.59094507,0.527777778,0.315789474,no
18.43716778,0.680555556,0.578947368,no
18.1544404,0.763888889,0.578947368,no
18.06811573,0.541666667,0.368421053,no
18.06811573,0.541666667,0.368421053,no
17.68785553,0.277777778,0.157894737,no
15.57193304,0.597222222,0.315789474,no
14.75757378,0.472222222,0.263157895,no
14.56474858,0.430555556,0.315789474,no
14.49708928,0.791666667,0.631578947,yes
13.75705703,0.680555556,0.315789474,no
13.52769158,0.694444444,0.315789474,no
13.04575974,0.472222222,0.315789474,no
12.91273759,0.597222222,0.315789474,no
12.57548794,0.638888889,0.368421053,no
12.49054311,0.666666667,0.421052632,no
12.49054311,0.666666667,0.421052632,no
12.00942589,0.861111111,0.578947368,no
11.95672628,0.277777778,0.105263158,no
11.73561408,0.694444444,0.526315789,no
11.69545651,0.472222222,0.315789474,no
11.56798969,0.583333333,0.263157895,no
10.61992353,0.736111111,0.473684211,no
10.57693839,0.597222222,0.263157895,no
10.37581798,0.833333333,0.578947368,no
10.21232689,0.666666667,0.421052632,no
16.16625665,0.712962963,0.538461538,no
16.16625665,0.712962963,0.538461538,no
15.1330611,0.648148148,0.461538462,no
15.04644561,0.583333333,0.461538462,no
14.81524726,0.666666667,0.461538462,no
14.50149173,0.5,0.423076923,no
14.49225535,0.731481481,0.423076923,no
14.34702463,0.685185185,0.576923077,no
14.26022895,0.685185185,0.615384615,yes
14.25900209,0.509259259,0.384615385,no
14.00863716,0.37037037,0.384615385,no
13.94841604,0.611111111,0.423076923,no
13.91979148,0.555555556,0.384615385,no
13.75145666,0.509259259,0.423076923,no
13.74200558,0.601851852,0.461538462,no
13.73978754,0.87037037,0.692307692,no
13.66279637,0.666666667,0.615384615,no
13.63395183,0.759259259,0.615384615,no
13.55139665,0.509259259,0.423076923,no
13.50754937,0.462962963,0.423076923,no
13.21228349,0.351851852,0.192307692,no
13.16828661,0.657407407,0.461538462,no
13.10195983,0.555555556,0.384615385,no
12.90829326,0.509259259,0.461538462,no
12.89156819,0.611111111,0.461538462,no
12.72988354,0.444444444,0.346153846,no
12.61750642,0.407407407,0.346153846,no
12.59396998,0.666666667,0.576923077,no
12.58248961,0.712962963,0.423076923,no
17.21973241,0.301886792,0.181818182,no
16.66770059,0.641509434,0.363636364,no
16.22736625,0.641509434,0.363636364,no
15.3028981,0.773584906,0.363636364,no
15.18499652,0.547169811,0.272727273,yes
14.73985438,0.41509434,0.272727273,no
14.73985438,0.396226415,0.272727273,no
14.73985438,0.377358491,0.272727273,no
14.73985438,0.396226415,0.272727273,no
14.73985438,0.433962264,0.272727273,no
14.39470419,0.603773585,0.272727273,no
14.35449021,0.396226415,0.272727273,no
14.35449021,0.396226415,0.181818182,no
14.08274289,0.773584906,0.363636364,no
14.07341531,0.603773585,0.272727273,no
14.07341531,0.622641509,0.272727273,no
14.07341531,0.603773585,0.272727273,no
14.07341531,0.603773585,0.272727273,no
13.77388296,0.433962264,0.272727273,no
13.4794264,0.452830189,0.272727273,no
13.47845183,0.41509434,0.272727273,no
12.91450968,0.566037736,0.272727273,no
12.66704245,0.396226415,0.272727273,no
12.24671522,0.867924528,0.636363636,no
12.17775303,0.471698113,0.272727273,no
12.17775303,0.471698113,0.272727273,no
11.84166537,0.698113208,0.363636364,no
11.7986146,0.698113208,0.363636364,no
11.77756012,0.660377358,0.272727273,no
11.72485737,0.566037736,0.363636364,no
22.9228978,0.267857143,0.214285714,no
22.9228978,0.267857143,0.214285714,no
22.9228978,0.267857143,0.214285714,no
22.9228978,0.267857143,0.214285714,no
19.77509558,0.488095238,0.261904762,no
17.86564021,0.267857143,0.238095238,no
17.60326985,0.535714286,0.30952381,no
17.48123573,0.422619048,0.238095238,no
17.41153753,0.345238095,0.238095238,no
17.00481374,0.488095238,0.30952381,no
16.87780346,0.428571429,0.119047619,no
16.6682006,0.267857143,0.166666667,no
16.37744392,0.517857143,0.261904762,no
16.2671006,0.589285714,0.214285714,no
16.23375144,0.613095238,0.380952381,no
16.10241575,0.279761905,0.238095238,no
15.82581569,0.494047619,0.214285714,no
15.82389862,0.68452381,0.357142857,no
15.80751501,0.321428571,0.238095238,no
15.66426299,0.607142857,0.285714286,no
15.61164186,0.583333333,0.285714286,no
15.55079258,0.464285714,0.214285714,no
15.48419075,0.226190476,0.095238095,no
15.4471091,0.303571429,0.095238095,no
15.42510868,0.386904762,0.238095238,no
15.40175679,0.660714286,0.357142857,no
15.32202394,0.321428571,0.071428571,no
15.30692616,0.523809524,0.285714286,no
15.28102377,0.482142857,0.261904762,no
15.25928563,0.446428571,0.238095238,no
33.03521309,0.304347826,0.4,no
30.25565582,0.586956522,0.55,no
27.24902549,0.597826087,0.55,no
25.73533422,0.423913043,0.3,no
25.73533422,0.423913043,0.3,no
24.39324583,0.597826087,0.55,no
24.3395599,0.597826087,0.55,no
22.78166704,0.532608696,0.5,no
22.55849565,0.434782609,0.35,no
21.83291284,0.739130435,0.7,no
21.79888542,0.597826087,0.55,no
21.45387152,0.467391304,0.45,no
21.44262199,0.402173913,0.3,no
21.37637324,0.72826087,0.6,no
21.14564612,0.543478261,0.5,no
21.09489443,0.413043478,0.3,no
21.09489443,0.413043478,0.3,no
21.09489443,0.413043478,0.3,no
20.86168825,0.597826087,0.4,no
20.73599917,0.413043478,0.3,no
20.73599917,0.413043478,0.3,no
20.73599917,0.413043478,0.3,no
20.3470101,0.489130435,0.45,no
19.86587562,0.597826087,0.4,no
19.61936503,0.532608696,0.45,no
19.46859586,0.5,0.45,no
19.43847014,0.217391304,0.15,no
19.23222595,0.423913043,0.3,no
19.23058342,0.597826087,0.45,no
19.11169662,0.826086957,0.65,no
21.6211072,0.675,0.529411765,no
20.25548613,0.6625,0.529411765,no
20.21615767,0.45,0.294117647,no
20.03658939,0.6875,0.588235294,no
19.24197551,0.6125,0.294117647,no
18.76447624,0.525,0.294117647,no
18.45389207,0.7125,0.588235294,no
18.45389207,0.7125,0.588235294,no
18.12813355,0.7,0.411764706,no
18.0767642,0.6625,0.470588235,no
17.92772954,0.525,0.352941176,no
17.82174659,0.7625,0.470588235,no
17.80278391,0.4,0.176470588,no
17.55395677,0.8,0.647058824,no
17.45895014,0.35,0.235294118,no
17.42651984,0.6875,0.411764706,no
17.35636485,0.7625,0.588235294,no
17.00088008,0.825,0.470588235,no
16.92105644,0.6375,0.352941176,no
16.58454078,0.575,0.411764706,no
16.50163371,0.7,0.352941176,yes
16.34818128,0.65,0.235294118,no
16.21454279,0.3625,0.235294118,no
15.92936951,0.725,0.411764706,no
15.9013835,0.425,0.352941176,yes
15.1110684,0.6375,0.235294118,no
14.96379474,0.7,0.411764706,no
14.95498735,0.625,0.235294118,no
14.94674681,0.6375,0.294117647,no
14.63899799,0.85,0.529411765,no
29.32380458,0.671875,0.6,yes
23.72549188,0.6875,0.6,yes
19.55662906,0.75,0.666666667,yes
19.53205196,0.75,0.666666667,yes
16.06384722,0.859375,0.6,yes
15.9292895,0.65625,0.466666667,no
15.75522376,0.875,0.733333333,yes
15.35489063,0.8125,0.666666667,no
15.18064355,0.671875,0.533333333,yes
14.83294388,0.78125,0.466666667,yes
14.80184976,0.65625,0.6,yes
14.63690871,0.625,0.533333333,no
14.54612829,0.671875,0.4,no
14.25664721,0.6875,0.466666667,no
14.13395671,0.8125,0.666666667,no
14.12447393,0.6875,0.4,no
13.93263759,0.625,0.4,no
13.91557918,0.640625,0.333333333,no
13.64438602,0.859375,0.6,yes
13.53594153,0.546875,0.266666667,no
13.23540518,0.46875,0.333333333,no
13.034499,0.5,0.4,no
13.01228678,0.28125,0.2,no
12.98230388,0.375,0.2,no
12.92485192,0.625,0.333333333,no
12.81879956,0.6875,0.4,no
12.78074584,0.4375,0.266666667,no
12.78074584,0.4375,0.266666667,no
12.73369958,0.46875,0.266666667,no
12.72803483,0.234375,0.2,no
47.07461666,0.469387755,0.416666667,yes
45.5729685,0.448979592,0.416666667,no
45.00700398,0.642857143,0.541666667,no
44.91881128,0.357142857,0.458333333,no
43.13809827,0.479591837,0.416666667,no
43.04062094,0.204081633,0.125,no
41.45476961,0.306122449,0.166666667,no
40.98104581,0.37755102,0.208333333,no
40.98104581,0.37755102,0.208333333,no
40.98104581,0.37755102,0.208333333,no
40.82546707,0.510204082,0.375,yes
40.6458508,0.653061224,0.5,no
40.15775796,0.37755102,0.208333333,no
40.15775796,0.346938776,0.208333333,no
40.15775796,0.37755102,0.208333333,no
40.15775796,0.346938776,0.208333333,no
40.15775796,0.37755102,0.208333333,no
40.15775796,0.346938776,0.208333333,no
40.06331278,0.5,0.416666667,no
39.81790638,0.56122449,0.375,yes
39.70959754,0.673469388,0.458333333,yes
39.70959754,0.673469388,0.458333333,yes
39.31235366,0.489795918,0.333333333,no
39.14932103,0.510204082,0.291666667,no
38.93198515,0.387755102,0.25,no
38.93198515,0.387755102,0.25,no
38.93198515,0.387755102,0.25,no
38.34564105,0.459183673,0.25,no
38.34564105,0.459183673,0.25,no
38.34564105,0.459183673,0.25,no
28.57180232,0.365591398,0.25,yes
27.65779163,0.258064516,0.2,no
21.95341096,0.516129032,0.5,yes
20.69323353,0.516129032,0.3,no
19.91835702,0.537634409,0.55,no
18.6404249,0.602150538,0.45,no
18.57459188,0.430107527,0.3,no
18.21986921,0.709677419,0.45,no
18.21986921,0.709677419,0.45,no
18.06355834,0.784946237,0.75,yes
17.44389152,0.806451613,0.55,yes
17.4170429,0.505376344,0.25,yes
17.21332928,0.516129032,0.25,no
17.12494201,0.344086022,0.35,no
17.12494201,0.344086022,0.35,no
17.12494201,0.344086022,0.35,no
16.89299266,0.387096774,0.35,yes
16.79133575,0.602150538,0.5,no
16.78091086,0.397849462,0.35,no
16.78091086,0.397849462,0.35,no
16.78091086,0.397849462,0.35,no
16.65709716,0.795698925,0.5,yes
16.63463831,0.752688172,0.55,no
16.60030471,0.677419355,0.45,no
16.59037657,0.731182796,0.5,yes
16.58190947,0.698924731,0.55,no
16.42255718,0.602150538,0.45,no
16.31283501,0.602150538,0.4,no
16.29645292,0.666666667,0.45,yes
16.09041504,0.76344086,0.7,no
34.35051828,0.534090909,0.619047619,yes
29.88079962,0.545454545,0.571428571,no
29.78382289,0.659090909,0.666666667,yes
28.05916004,0.568181818,0.714285714,no
27.88231509,0.636363636,0.666666667,no
26.8817384,0.568181818,0.380952381,no
26.8485859,0.420454545,0.428571429,no
26.80427073,0.522727273,0.380952381,no
26.56206078,0.636363636,0.571428571,no
26.43890125,0.704545455,0.476190476,no
26.30740923,0.647727273,0.523809524,no
26.30463414,0.602272727,0.428571429,no
26.28870156,0.5,0.476190476,no
26.28459885,0.590909091,0.476190476,no
26.26595242,0.363636364,0.476190476,no
25.92425051,0.511363636,0.428571429,no
25.58703899,0.636363636,0.476190476,no
25.57936551,0.670454545,0.80952381,no
25.56723673,0.534090909,0.333333333,no
25.53631657,0.420454545,0.238095238,no
25.49759954,0.488636364,0.428571429,no
25.33257567,0.772727273,0.523809524,no
25.32226321,0.636363636,0.380952381,no
25.07445562,0.681818182,0.80952381,no
24.96810423,0.477272727,0.476190476,no
24.96810423,0.386363636,0.428571429,no
24.93195711,0.613636364,0.380952381,no
24.85250056,0.715909091,0.714285714,no
24.85250056,0.715909091,0.714285714,no
24.84552175,0.465909091,0.428571429,no
14.72613561,0.9375,0.75,no
14.31360381,0.875,0.5,yes
14.27407358,0.5,0.375,no
13.15131847,0.8125,0.5,no
12.87066,0.90625,0.75,yes
12.34429904,0.625,0.375,no
12.34429904,0.6875,0.375,no
12.32927877,0.8125,0.625,yes
12.2530985,0.6875,0.375,no
12.21608943,0.75,0.75,yes
12.06425569,0.625,0.5,no
11.97278426,0.8125,0.625,yes
11.81524183,0.59375,0.375,no
11.56022082,0.75,0.75,yes
11.43318787,0.8125,0.5,yes
11.42645276,0.6875,0.5,no
11.35673209,0.875,0.625,yes
10.94525858,0.3125,0.25,no
10.87417208,0.5625,0.375,no
10.85380948,0.6875,0.5,no
10.85380948,0.6875,0.5,no
10.76621687,0.8125,0.625,yes
10.68627392,0.65625,0.375,no
10.4988568,0.71875,0.5,no
10.39343165,0.90625,0.625,no
10.28182788,0.78125,0.5,no
10.22796473,0.28125,0.125,no
10.1812992,0.71875,0.375,no
10.10922908,0.78125,0.75,no
10.03567833,0.90625,0.5,no
25.91107719,0.840909091,0.6,no
22.44677584,0.840909091,0.9,yes
19.42421732,0.704545455,0.5,yes
19.39362341,0.681818182,0.5,no
17.41269393,0.772727273,0.5,yes
15.99356998,0.75,0.8,yes
15.89438817,0.863636364,0.5,no
15.33652708,0.863636364,0.5,no
15.25204137,0.75,0.6,no
15.24491217,0.818181818,0.6,yes
15.18608058,0.863636364,0.5,no
14.77012862,0.613636364,0.5,no
14.3406227,0.590909091,0.5,no
14.3357294,0.909090909,0.6,yes
14.31883777,0.75,0.8,no
14.00345893,0.840909091,0.5,no
13.8146282,0.75,0.4,yes
13.29128903,0.590909091,0.3,yes
13.27764781,0.727272727,0.4,yes
13.27764781,0.636363636,0.4,yes
13.10611504,0.704545455,0.3,no
13.08020941,0.863636364,0.9,no
12.45038149,0.818181818,0.4,no
12.40669158,0.727272727,0.5,yes
12.34434524,0.727272727,0.5,yes
12.22294066,0.909090909,0.6,yes
11.83213398,0.863636364,0.6,yes
11.63412033,0.613636364,0.5,no
11.11567847,0.795454545,0.4,no
10.79624758,0.477272727,0.2,no
21.89756592,0.76119403,0.705882353,yes
20.27578572,0.641791045,0.411764706,no
19.50456357,0.492537313,0.411764706,yes
17.80676945,0.805970149,0.705882353,yes
16.59300484,0.432835821,0.235294118,yes
15.0338207,0.537313433,0.470588235,no
14.96946617,0.552238806,0.294117647,no
14.90124748,0.746268657,0.647058824,yes
14.70197675,0.462686567,0.411764706,no
14.63425564,0.805970149,0.647058824,yes
14.43117737,0.641791045,0.411764706,no
14.3566909,0.462686567,0.294117647,no
14.29642647,0.373134328,0.235294118,no
13.96222055,0.388059701,0.235294118,no
13.89249242,0.835820896,0.647058824,yes
13.81589492,0.671641791,0.529411765,no
13.80829377,0.52238806,0.117647059,no
13.71545478,0.686567164,0.470588235,no
13.67488677,0.791044776,0.470588235,no
13.6432831,0.432835821,0.294117647,no
13.45521525,0.388059701,0.352941176,no
13.43187761,0.52238806,0.352941176,yes
13.27836146,0.656716418,0.352941176,no
13.25383983,0.582089552,0.470588235,no
13.1720771,0.805970149,0.470588235,no
13.16108778,0.71641791,0.529411765,no
13.02853672,0.492537313,0.411764706,no
12.98346464,0.537313433,0.294117647,no
12.91459873,0.402985075,0.352941176,no
12.91405504,0.611940299,0.294117647,no
18.38066736,0.807692308,0.769230769,no
18.31570829,0.923076923,0.846153846,no
17.59966544,0.884615385,0.615384615,no
17.475055,0.403846154,0.384615385,no
17.35277864,0.653846154,0.538461538,no
17.2973461,0.884615385,0.692307692,no
16.3188042,0.826923077,0.692307692,no
16.19286624,0.307692308,0.384615385,no
15.89984467,0.730769231,0.615384615,no
15.83913489,0.403846154,0.384615385,no
15.74520362,0.576923077,0.538461538,no
15.47406571,0.692307692,0.538461538,yes
15.44232354,0.346153846,0.307692308,no
15.33993092,0.826923077,0.538461538,no
15.10498771,0.461538462,0.307692308,no
15.08155721,0.692307692,0.384615385,no
15.05813356,0.596153846,0.384615385,no
14.47267958,0.346153846,0.307692308,no
14.13359484,0.576923077,0.461538462,no
14.12711811,0.75,0.538461538,no
14.12319875,0.807692308,0.461538462,no
14.03649091,0.730769231,0.384615385,no
14.03116136,0.75,0.538461538,no
13.97007905,0.846153846,0.615384615,no
13.73185611,0.730769231,0.461538462,no
13.66111918,0.519230769,0.384615385,no
13.30751867,0.692307692,0.538461538,no
13.26084498,0.634615385,0.461538462,no
13.15573138,0.846153846,0.461538462,no
13.1123799,0.711538462,0.384615385,no
16.32971214,0.782608696,0.625,yes
16.05842534,0.565217391,0.4375,yes
15.26353366,0.594202899,0.3125,no
14.48674865,0.565217391,0.5625,no
14.40621099,0.623188406,0.3125,no
13.96372799,0.724637681,0.5625,no
13.92629195,0.710144928,0.5625,no
13.80477139,0.492753623,0.3125,no
13.73460494,0.623188406,0.3125,no
13.66109978,0.724637681,0.5,no
13.64884753,0.52173913,0.375,no
13.5241696,0.623188406,0.375,no
13.42374132,0.507246377,0.3125,no
13.23882231,0.652173913,0.3125,no
13.14332485,0.739130435,0.4375,no
13.084414,0.724637681,0.5625,no
13.06396668,0.536231884,0.375,no
13.06076547,0.724637681,0.4375,no
13.02794651,0.579710145,0.25,no
12.9974814,0.623188406,0.4375,no
12.92947335,0.739130435,0.5625,no
12.9073322,0.695652174,0.625,no
12.89148337,0.579710145,0.375,no
12.77250901,0.594202899,0.375,no
12.63311248,0.637681159,0.4375,no
12.56497952,0.47826087,0.3125,no
12.5603039,0.594202899,0.3125,no
12.40622547,0.623188406,0.375,no
12.40622547,0.623188406,0.375,no
12.40123364,0.623188406,0.4375,no
27.48870184,0.397058824,0.333333333,yes
26.1815338,0.485294118,0.5,no
25.23448097,0.485294118,0.388888889,no
14.76003298,0.882352941,0.555555556,no
14.75666492,0.720588235,0.5,no
14.10137585,0.294117647,0.333333333,no
13.92666063,0.367647059,0.388888889,no
13.70735651,0.617647059,0.444444444,no
13.48613408,0.691176471,0.444444444,no
13.48613408,0.720588235,0.388888889,no
12.93141688,0.558823529,0.444444444,no
12.72937421,0.661764706,0.444444444,no
12.33265589,0.441176471,0.388888889,no
12.15673134,0.588235294,0.277777778,no
12.11461421,0.352941176,0.333333333,no
12.04237347,0.720588235,0.555555556,no
11.88198619,0.382352941,0.277777778,no
11.85764564,0.470588235,0.222222222,no
11.80399818,0.264705882,0.222222222,no
11.71575636,0.529411765,0.444444444,no
11.54860369,0.617647059,0.333333333,no
11.47924669,0.588235294,0.444444444,no
11.26123223,0.617647059,0.333333333,no
11.23232342,0.632352941,0.333333333,no
11.16522575,0.5,0.333333333,no
11.11018751,0.573529412,0.444444444,no
11.00259229,0.455882353,0.333333333,no
10.97289093,0.514705882,0.388888889,no
10.96270352,0.485294118,0.388888889,no
10.91214293,0.470588235,0.333333333,no
22.20479388,0.518072289,0.454545455,no
18.53289017,0.506024096,0.545454545,no
16.11330331,0.481927711,0.409090909,no
15.83465831,0.445783133,0.227272727,no
15.48613069,0.204819277,0.272727273,no
15.15648906,0.56626506,0.545454545,no
14.84359083,0.65060241,0.409090909,yes
14.59502764,0.506024096,0.409090909,no
14.48071705,0.638554217,0.545454545,no
14.45162236,0.421686747,0.272727273,no
14.35117652,0.518072289,0.409090909,no
14.25592994,0.542168675,0.590909091,no
14.13759395,0.518072289,0.318181818,no
14.06962334,0.759036145,0.5,no
13.98674071,0.493975904,0.363636364,no
13.76909466,0.337349398,0.227272727,no
13.2872877,0.65060241,0.590909091,no
13.24979564,0.445783133,0.181818182,no
13.24439245,0.277108434,0.227272727,no
12.95571869,0.590361446,0.5,no
12.92363853,0.530120482,0.409090909,no
12.91040854,0.518072289,0.272727273,no
12.90110215,0.554216867,0.5,no
12.87595889,0.481927711,0.363636364,no
12.8494648,0.506024096,0.318181818,no
12.83309237,0.409638554,0.318181818,no
12.73280176,0.373493976,0.227272727,no
12.71052223,0.313253012,0.181818182,no
12.36837533,0.662650602,0.363636364,no
12.36837533,0.662650602,0.363636364,no
33.71851416,0.594936709,0.5,yes
26.7970402,0.582278481,0.5,yes
25.52740935,0.683544304,0.666666667,no
24.67931056,0.632911392,0.388888889,no
24.20115775,0.316455696,0.222222222,no
21.0943669,0.797468354,0.5,yes
18.27825924,0.721518987,0.444444444,yes
17.12251161,0.670886076,0.444444444,yes
15.85582369,0.734177215,0.5,no
13.94784838,0.582278481,0.277777778,no
13.81513441,0.35443038,0.222222222,no
13.31280848,0.82278481,0.666666667,yes
13.30724556,0.569620253,0.388888889,no
13.18887549,0.594936709,0.222222222,no
13.1633239,0.582278481,0.333333333,no
13.12029442,0.683544304,0.555555556,no
13.10269837,0.708860759,0.388888889,no
13.10038737,0.227848101,0.111111111,no
12.98835795,0.443037975,0.222222222,no
12.80113668,0.227848101,0.111111111,no
12.7373742,0.721518987,0.444444444,no
12.67933763,0.506329114,0.222222222,no
12.61691283,0.708860759,0.444444444,no
12.61411928,0.265822785,0.166666667,no
12.5758864,0.417721519,0.222222222,no
12.45033812,0.582278481,0.222222222,no
12.38734407,0.721518987,0.333333333,no
12.30693645,0.772151899,0.5,no
12.13911884,0.683544304,0.333333333,no
12.1218092,0.607594937,0.333333333,no
25.33987063,0.886363636,0.8,yes
19.35680348,0.659090909,0.5,yes
17.58009643,0.727272727,0.7,yes
17.33796431,0.840909091,0.8,yes
17.16674675,0.886363636,0.8,no
16.684653,0.568181818,0.4,no
16.38931617,0.795454545,0.7,yes
16.32284864,0.909090909,0.8,yes
15.77726545,0.863636364,0.7,yes
15.09839519,0.818181818,0.6,yes
14.99519219,0.727272727,0.5,yes
14.72549391,0.840909091,0.7,yes
14.55380775,0.772727273,0.5,no
14.41897259,0.727272727,0.5,yes
13.80052163,0.863636364,0.7,yes
13.52383337,0.954545455,0.7,yes
13.17577189,0.886363636,0.6,no
12.9102096,0.681818182,0.7,no
12.68013664,0.977272727,0.7,no
11.99090203,0.931818182,0.6,yes
11.85793051,0.75,0.6,yes
11.57152876,0.863636364,0.6,yes
11.18707261,0.613636364,0.2,no
11.18577212,0.75,0.6,no
11.12504738,0.909090909,0.6,yes
10.93809408,0.454545455,0.2,no
10.87908585,0.5,0.3,no
10.65605001,0.545454545,0.3,no
10.4602112,0.431818182,0.1,no
10.44197552,0.522727273,0.3,no
20.08416563,0.947368421,0.888888889,yes
18.17514241,0.578947368,0.444444444,no
18.17514241,0.684210526,0.444444444,no
18.17514241,0.552631579,0.444444444,yes
17.70652912,0.868421053,0.777777778,yes
17.62000433,0.736842105,0.444444444,no
16.6482102,0.868421053,0.666666667,no
15.59917352,0.789473684,0.666666667,no
15.14987744,0.815789474,0.777777778,yes
14.69312101,0.815789474,0.666666667,no
14.65587727,0.894736842,0.888888889,yes
14.53700179,0.947368421,0.888888889,yes
13.69350541,0.789473684,0.555555556,no
13.36843852,0.710526316,0.777777778,no
13.25407728,0.868421053,0.777777778,yes
12.41917345,0.710526316,0.666666667,no
12.27040872,0.921052632,0.777777778,no
11.50607353,0.815789474,0.555555556,no
11.24497349,0.842105263,0.666666667,yes
10.97333027,0.763157895,0.555555556,no
10.04951283,0.578947368,0.222222222,no
9.734537783,0.736842105,0.555555556,yes
9.682590294,0.526315789,0.333333333,no
9.667146285,0.763157895,0.555555556,yes
9.666731541,0.763157895,0.666666667,no
9.587863937,0.763157895,0.444444444,no
9.576208099,0.947368421,0.666666667,no
9.451983477,0.868421053,0.555555556,no
9.332720797,0.605263158,0.333333333,no
9.248045406,0.684210526,0.444444444,yes
18.73609235,0.484848485,0.4375,no
18.18472371,0.681818182,0.5,no
13.75316532,0.5,0.3125,no
13.6800514,0.757575758,0.5625,no
12.7874714,0.712121212,0.5,no
12.23925359,0.333333333,0.3125,no
11.97760416,0.363636364,0.375,no
11.73920512,0.636363636,0.4375,no
10.98942596,0.803030303,0.6875,yes
10.97855035,0.318181818,0.1875,no
10.97855035,0.272727273,0.1875,no
10.81168543,0.560606061,0.3125,no
10.77962922,0.545454545,0.3125,no
10.72190605,0.393939394,0.1875,no
10.6414475,0.803030303,0.625,no
10.47698674,0.424242424,0.25,no
10.47698674,0.348484848,0.1875,no
10.29082274,0.545454545,0.375,no
10.24300687,0.424242424,0.25,no
10.23159969,0.590909091,0.4375,no
10.22032432,0.666666667,0.4375,no
9.805059109,0.424242424,0.1875,no
9.805059109,0.439393939,0.1875,no
9.64276488,0.772727273,0.375,no
9.599834888,0.5,0.25,no
9.55561038,0.53030303,0.375,yes
9.459816774,0.772727273,0.5,yes
9.403025411,0.5,0.25,no
9.403025411,0.393939394,0.1875,no
9.403025411,0.5,0.25,no
16.75396142,0.857142857,0.8,yes
15.46066209,0.666666667,0.7,yes
14.46949599,0.80952381,0.7,yes
14.03814099,0.857142857,0.7,no
12.93938864,0.857142857,0.7,yes
12.88727909,0.761904762,0.6,no
12.08706559,0.619047619,0.6,no
11.32898611,0.595238095,0.6,no
11.27585679,0.571428571,0.2,no
11.27585679,0.476190476,0.3,no
11.01226239,0.571428571,0.3,yes
10.29057746,0.357142857,0.3,yes
10.29057746,0.619047619,0.3,yes
10.13880076,0.595238095,0.5,yes
9.859804797,0.595238095,0.3,no
9.789393824,0.738095238,0.7,no
9.657665588,0.523809524,0.3,no
9.657665588,0.380952381,0.4,yes
9.530142429,0.80952381,0.5,no
9.277272553,0.523809524,0.3,no
9.277272553,0.595238095,0.3,no
9.127465598,0.738095238,0.5,no
9.098096107,0.69047619,0.3,no
8.961593154,0.928571429,0.9,yes
8.950244381,0.785714286,0.5,no
8.925709568,0.547619048,0.3,no
8.925709568,0.666666667,0.3,no
8.767395664,0.928571429,0.6,no
8.759734154,0.642857143,0.3,no
8.759734154,0.523809524,0.3,no
25.61473458,0.666666667,0.470588235,no
24.14262942,0.802469136,0.705882353,yes
23.79189807,0.827160494,0.647058824,yes
21.76189719,0.382716049,0.294117647,no
20.99834277,0.851851852,0.529411765,no
20.70385948,0.925925926,0.941176471,yes
20.6947751,0.666666667,0.470588235,yes
20.18135448,0.666666667,0.470588235,no
19.88191714,0.765432099,0.588235294,no
19.66599824,0.679012346,0.411764706,no
19.3575022,0.913580247,0.823529412,yes
19.23039068,0.740740741,0.411764706,no
19.20958835,0.790123457,0.588235294,yes
18.10756469,0.716049383,0.588235294,no
18.03873241,0.617283951,0.411764706,no
18.01606369,0.740740741,0.529411765,no
17.69708541,0.75308642,0.470588235,no
17.31148377,0.271604938,0.294117647,no
17.1853467,0.654320988,0.352941176,no
17.11902405,0.777777778,0.588235294,no
16.93729543,0.580246914,0.294117647,no
16.90407936,0.50617284,0.352941176,no
16.87916713,0.703703704,0.411764706,no
16.85671473,0.691358025,0.470588235,yes
16.57571653,0.839506173,0.529411765,no
16.45644765,0.728395062,0.588235294,no
16.39221104,0.617283951,0.411764706,no
16.22099627,0.777777778,0.529411765,no
16.01137931,0.839506173,0.647058824,no
15.8930516,0.530864198,0.294117647,no
22.25557527,0.571428571,0.571428571,yes
18.84385484,0.517857143,0.285714286,no
18.67584592,0.285714286,0.285714286,no
17.85990238,0.446428571,0.357142857,no
16.7614466,0.464285714,0.214285714,no
16.2655936,0.714285714,0.571428571,no
14.36802364,0.732142857,0.428571429,no
13.74964943,0.5,0.357142857,no
13.67044417,0.821428571,0.428571429,no
13.35265178,0.571428571,0.285714286,no
13.05140478,0.571428571,0.285714286,no
12.84957775,0.696428571,0.428571429,no
12.23408241,0.625,0.357142857,no
11.90029949,0.785714286,0.5,no
11.88845723,0.660714286,0.428571429,no
11.59652133,0.732142857,0.428571429,no
11.52264402,0.446428571,0.214285714,no
11.52264402,0.482142857,0.214285714,no
11.42853012,0.678571429,0.357142857,no
11.29436082,0.553571429,0.285714286,no
11.22846003,0.625,0.428571429,no
11.14142192,0.553571429,0.357142857,no
11.12650944,0.803571429,0.571428571,no
10.98896425,0.660714286,0.357142857,no
10.97948945,0.625,0.357142857,no
10.55001938,0.732142857,0.285714286,no
10.50331654,0.785714286,0.5,no
10.48139635,0.625,0.285714286,no
10.33969767,0.732142857,0.285714286,no
10.33911544,0.642857143,0.357142857,no
20.65367568,0.738461538,0.6875,no
17.45792816,0.815384615,0.6875,no
17.26240243,0.815384615,0.6875,no
17.25022568,0.753846154,0.625,no
17.16151173,0.661538462,0.4375,no
17.01753629,0.630769231,0.5,no
14.6011689,0.6,0.375,no
13.7653006,0.692307692,0.5,no
13.5606007,0.661538462,0.4375,no
13.51684144,0.476923077,0.375,no
13.25864702,0.676923077,0.375,no
12.92465637,0.676923077,0.5,no
12.62533109,0.630769231,0.375,no
12.27467615,0.707692308,0.5625,no
12.11364175,0.707692308,0.5,no
11.74716765,0.615384615,0.3125,no
11.09237616,0.538461538,0.375,no
11.06526571,0.815384615,0.375,no
10.96341163,0.276923077,0.25,no
10.92323326,0.8,0.5,yes
10.71856856,0.215384615,0.25,no
10.71856856,0.215384615,0.25,no
10.70496457,0.430769231,0.3125,no
10.55694834,0.553846154,0.3125,no
10.51189875,0.507692308,0.375,no
10.48442263,0.307692308,0.25,no
10.46877151,0.569230769,0.5,no
10.43175732,0.661538462,0.3125,no
10.37521574,0.630769231,0.4375,no
10.04553543,0.353846154,0.25,no
8.911553584,0.675,0.333333333,no
9.191748354,0.675,0.555555556,no
11.46657754,0.775,0.444444444,no
8.911553584,0.675,0.333333333,yes
6.841573935,0.75,0.444444444,no
15.59853473,0.775,0.666666667,yes
5.984673337,0.825,0.444444444,no
11.31321201,0.775,0.444444444,no
5.931607043,0.875,0.555555556,yes
12.30170132,0.775,0.444444444,no
8.659734043,0.675,0.333333333,yes
5.763282926,0.975,0.666666667,no
2.349030721,0.95,0.444444444,no
10.98856694,0.7,0.333333333,no
6.204994405,0.775,0.333333333,no
18.85606894,0.923076923,0.777777778,yes
18.53052633,0.538461538,0.666666667,yes
16.72055716,0.846153846,0.666666667,yes
16.44115833,0.769230769,0.555555556,yes
15.39759749,0.794871795,0.666666667,yes
14.81136526,0.717948718,0.777777778,yes
14.74556049,0.564102564,0.555555556,no
14.62956475,0.897435897,0.777777778,no
12.68920221,0.743589744,0.666666667,no
12.53773782,0.666666667,0.777777778,yes
12.46409187,0.666666667,0.777777778,yes
12.40515225,0.871794872,0.777777778,no
12.00421047,0.666666667,0.666666667,no
11.75673812,0.794871795,0.777777778,yes
11.75067531,0.666666667,0.555555556,yes
11.50834397,0.743589744,0.777777778,no
11.40828393,0.794871795,0.777777778,no
11.31960182,0.717948718,0.555555556,no
11.13267853,0.666666667,0.777777778,yes
11.04937106,0.717948718,0.555555556,no
10.96850514,0.820512821,0.666666667,no
10.7479656,0.846153846,0.777777778,no
10.69381642,0.358974359,0.222222222,no
10.53343073,0.717948718,0.666666667,no
10.44587315,0.41025641,0.222222222,no
10.41948037,0.923076923,0.777777778,no
10.20725923,0.384615385,0.111111111,no
10.20725923,0.384615385,0.444444444,no
10.10743042,0.846153846,0.666666667,no
10.10743042,0.846153846,0.666666667,no
20.99258504,0.707317073,0.6,no
20.41644129,0.682926829,0.5,no
17.39666854,0.658536585,0.5,no
16.6359513,0.634146341,0.5,yes
15.99461089,0.756097561,0.6,no
14.61369136,0.609756098,0.4,yes
14.00021374,0.658536585,0.5,yes
13.65190521,0.634146341,0.4,yes
13.58368319,0.56097561,0.3,no
13.37416616,0.634146341,0.3,no
13.20099348,0.926829268,0.8,no
12.88535506,0.804878049,0.8,no
12.88535506,0.804878049,0.8,no
12.66060953,0.609756098,0.4,yes
12.21514601,0.731707317,0.4,no
12.19366667,0.707317073,0.5,no
12.08489092,0.56097561,0.3,no
11.92704012,0.658536585,0.3,no
11.58283301,0.609756098,0.2,no
11.58015405,0.87804878,0.6,no
11.58015405,0.87804878,0.6,no
11.54605499,0.463414634,0.2,no
11.50064476,0.585365854,0.3,no
11.44768392,0.43902439,0.2,no
11.42901521,0.87804878,0.5,no
11.40088926,0.609756098,0.4,no
11.36059448,0.585365854,0.3,no
11.3245512,0.707317073,0.3,no
11.31866883,0.463414634,0.1,no
11.20396504,0.56097561,0.5,no
18.70615869,0.441860465,0.3,no
15.03787268,0.790697674,0.5,no
14.69006441,0.674418605,0.5,no
14.35749225,0.674418605,0.6,no
14.35749225,0.651162791,0.6,no
14.22123973,0.581395349,0.4,no
13.6283301,0.604651163,0.4,no
13.51038275,0.534883721,0.3,no
13.46268812,0.651162791,0.4,no
13.34758214,0.534883721,0.4,no
12.90234979,0.906976744,0.7,no
12.69145183,0.697674419,0.5,no
12.5949382,0.604651163,0.6,no
12.47814721,0.627906977,0.4,no
12.46744685,0.581395349,0.4,yes
12.19678152,0.511627907,0.4,no
11.79178493,0.720930233,0.4,no
11.78255298,0.813953488,0.4,yes
11.70656319,0.581395349,0.3,no
11.64551711,0.720930233,0.4,no
11.5666167,0.813953488,0.4,no
11.54496403,0.744186047,0.5,yes
11.48852867,0.76744186,0.6,no
11.45881927,0.604651163,0.4,no
11.38119795,0.744186047,0.4,no
11.3639038,0.744186047,0.4,no
11.32041859,0.88372093,0.7,yes
11.30820752,0.953488372,0.8,no
11.30820752,0.953488372,0.8,no
11.28706159,0.76744186,0.5,no
29.40016821,0.603174603,0.620689655,no
27.48870184,0.246031746,0.172413793,yes
26.1815338,0.404761905,0.24137931,no
25.4377071,0.738095238,0.620689655,no
25.23448097,0.293650794,0.206896552,no
18.46371133,0.523809524,0.310344828,no
17.4558919,0.380952381,0.275862069,no
17.29962346,0.603174603,0.413793103,no
17.13139769,0.238095238,0.206896552,no
17.10951252,0.26984127,0.172413793,no
17.02361547,0.666666667,0.379310345,no
17.01338709,0.484126984,0.275862069,no
16.34104205,0.531746032,0.310344828,no
16.32373298,0.46031746,0.310344828,no
16.19470524,0.349206349,0.24137931,no
16.16219387,0.30952381,0.137931034,no
15.92807089,0.69047619,0.310344828,no
15.66289786,0.325396825,0.172413793,no
15.39079078,0.317460317,0.24137931,no
15.34425443,0.484126984,0.344827586,no
15.22062529,0.301587302,0.172413793,no
15.14579467,0.579365079,0.24137931,no
15.12392966,0.642857143,0.344827586,no
14.92105625,0.277777778,0.172413793,no
14.77013087,0.595238095,0.413793103,no
14.61420937,0.587301587,0.24137931,no
14.61032625,0.523809524,0.275862069,no
14.57590847,0.420634921,0.172413793,no
14.56148189,0.380952381,0.206896552,no
14.4489796,0.166666667,0.137931034,no
47.36342423,0.890625,0.571428571,yes
45.37019891,0.828125,0.571428571,yes
44.91331076,0.8125,0.642857143,yes
38.97698796,0.5625,0.428571429,yes
37.07091011,0.5625,0.428571429,no
32.2601538,0.25,0.142857143,no
31.669306,0.515625,0.5,yes
31.5842549,0.578125,0.214285714,no
31.44515148,0.34375,0.214285714,no
31.28900748,0.5625,0.428571429,no
30.86411668,0.34375,0.142857143,no
30.86411668,0.296875,0.142857143,no
30.86411668,0.265625,0.142857143,no
30.42647099,0.265625,0.142857143,no
30.42647099,0.3125,0.214285714,no
30.42647099,0.296875,0.142857143,no
30.20748237,0.59375,0.428571429,no
30.00160603,0.375,0.142857143,no
29.99085181,0.53125,0.142857143,no
29.83157754,0.859375,0.357142857,no
29.65772668,0.390625,0.214285714,no
29.60545863,0.828125,0.571428571,yes
29.41630649,0.59375,0.285714286,no
29.21019147,0.1875,0.071428571,no
29.20609848,0.53125,0.357142857,no
29.09300292,0.359375,0.142857143,no
29.09300292,0.359375,0.142857143,no
28.85558123,0.46875,0.142857143,no
28.79807592,0.328125,0.142857143,no
28.54294631,0.234375,0.071428571,no
41.55193394,0.587155963,0.615384615,no
31.82388848,0.614678899,0.576923077,no
31.37226915,0.568807339,0.615384615,yes
31.36557103,0.422018349,0.346153846,no
29.94373907,0.532110092,0.346153846,no
28.67679184,0.623853211,0.5,yes
28.00661421,0.458715596,0.384615385,no
26.71582247,0.596330275,0.461538462,no
26.6334244,0.651376147,0.461538462,yes
26.40147891,0.495412844,0.346153846,no
24.69340281,0.587155963,0.576923077,no
24.62579783,0.550458716,0.346153846,no
23.86996803,0.513761468,0.423076923,no
23.47600541,0.458715596,0.423076923,no
23.43716727,0.532110092,0.423076923,no
23.36818463,0.467889908,0.346153846,no
23.3138997,0.623853211,0.384615385,yes
23.27912484,0.688073394,0.384615385,yes
22.92315076,0.47706422,0.307692308,no
22.87714808,0.403669725,0.269230769,no
22.85570508,0.495412844,0.307692308,no
22.71918898,0.642201835,0.423076923,no
22.47904823,0.642201835,0.384615385,yes
22.39868159,0.550458716,0.346153846,no
22.08946531,0.559633028,0.384615385,no
21.34931002,0.596330275,0.461538462,no
21.27888695,0.577981651,0.5,no
21.24634789,0.733944954,0.576923077,no
21.07739009,0.642201835,0.5,no
20.99917936,0.660550459,0.538461538,no
47.01703458,0.576271186,0.535714286,yes
43.17054891,0.720338983,0.428571429,no
37.23384042,0.618644068,0.321428571,no
32.91541328,0.745762712,0.357142857,no
23.55258983,0.694915254,0.321428571,no
23.51999922,0.669491525,0.321428571,no
20.52086645,0.711864407,0.392857143,no
14.94044738,0.754237288,0.607142857,no
14.65613777,0.788135593,0.392857143,no
12.735737,0.601694915,0.285714286,no
12.68086016,0.338983051,0.214285714,no
12.21103051,0.423728814,0.178571429,no
12.06226868,0.381355932,0.178571429,no
11.90973406,0.5,0.214285714,no
11.55385723,0.296610169,0.142857143,no
11.48475236,0.491525424,0.178571429,no
11.40741865,0.457627119,0.214285714,no
11.30511036,0.855932203,0.428571429,no
10.87980124,0.288135593,0.107142857,no
10.75051803,0.144067797,0.071428571,no
10.5089354,0.576271186,0.214285714,no
10.50494514,0.161016949,0.071428571,no
10.48863087,0.338983051,0.178571429,no
10.33991044,0.559322034,0.25,no
10.27034088,0.177966102,0.142857143,no
10.27034088,0.177966102,0.142857143,no
10.27034088,0.177966102,0.142857143,no
10.27034088,0.220338983,0.071428571,no
10.04598643,0.13559322,0.071428571,no
10.04598643,0.144067797,0.071428571,no
15.17814729,0.6,0.4,no
14.83649643,0.422222222,0.3,no
14.83649643,0.422222222,0.3,no
13.8264493,0.444444444,0.2,no
12.4755426,0.688888889,0.3,no
12.27681563,0.688888889,0.3,no
11.67337389,0.422222222,0.3,no
11.42904502,0.466666667,0.3,no
11.12561729,0.711111111,0.3,no
10.9275003,0.6,0.4,no
10.91809736,0.711111111,0.4,no
10.84773552,0.333333333,0.2,no
10.84773552,0.333333333,0.2,no
10.84773552,0.333333333,0.2,no
10.84773552,0.333333333,0.2,no
10.62049486,0.666666667,0.4,no
10.53203351,0.688888889,0.3,no
10.51200846,0.777777778,0.6,no
10.39363972,0.422222222,0.3,no
10.18455217,0.466666667,0.3,no
10.18055618,0.422222222,0.3,no
10.18055618,0.422222222,0.2,no
10.18055618,0.422222222,0.2,no
10.09413673,0.422222222,0.3,no
10.01435641,0.555555556,0.3,no
9.796497928,0.755555556,0.5,no
9.792469867,0.755555556,0.4,no
9.632190067,0.666666667,0.5,no
9.590690185,0.444444444,0.2,no
9.590690185,0.444444444,0.2,no
21.13353731,0.720430108,0.761904762,no
21.13353731,0.720430108,0.761904762,no
21.13353731,0.720430108,0.761904762,no
20.54994634,0.215053763,0.19047619,no
19.63780894,0.784946237,0.666666667,yes
19.52933048,0.548387097,0.380952381,no
19.2810717,0.709677419,0.619047619,yes
19.20321249,0.365591398,0.238095238,no
18.92175036,0.720430108,0.523809524,no
18.79268832,0.35483871,0.285714286,no
18.72620034,0.559139785,0.380952381,no
18.3718784,0.698924731,0.619047619,no
18.3444798,0.580645161,0.571428571,no
18.01414374,0.795698925,0.666666667,no
17.71801991,0.365591398,0.380952381,no
17.54541259,0.569892473,0.428571429,no
17.0671163,0.946236559,0.761904762,no
16.89599015,0.494623656,0.380952381,no
16.85804041,0.709677419,0.714285714,yes
16.83716431,0.720430108,0.619047619,no
16.41825814,0.709677419,0.714285714,no
16.40965581,0.52688172,0.523809524,no
16.27615068,0.666666667,0.476190476,no
16.00540635,0.64516129,0.428571429,no
15.98255668,0.806451613,0.666666667,no
15.95893829,0.204301075,0.142857143,no
15.7535257,0.655913978,0.428571429,no
15.47356002,0.569892473,0.428571429,no
15.21971905,0.591397849,0.380952381,no
15.17849743,0.709677419,0.428571429,no
12.00022688,0.904761905,0.8,no
11.4142945,0.666666667,0.6,no
11.34413892,0.952380952,1,yes
11.17538827,0.761904762,0.6,no
10.98694335,0.80952381,0.8,no
10.94627784,0.666666667,0.6,no
10.94627784,0.666666667,0.6,no
10.93244073,0.714285714,0.6,no
10.93244073,0.714285714,0.6,no
10.769459,0.619047619,0.2,no
10.769459,0.571428571,0.2,no
10.72637282,0.714285714,0.6,no
10.72637282,0.761904762,0.6,no
10.72463373,0.714285714,0.6,no
10.52467356,0.666666667,0.6,no
10.52467356,0.714285714,0.6,no
10.52467356,0.666666667,0.4,no
10.52467356,0.714285714,0.6,no
10.51512936,0.666666667,0.8,no
10.51512936,0.619047619,0.6,no
10.33212058,0.666666667,0.6,no
10.31204558,0.666666667,0.6,no
10.31204558,0.714285714,0.4,no
10.31204558,0.761904762,0.4,no
10.2209042,0.666666667,0.6,no
10.1465676,0.619047619,0.4,no
10.1465676,0.714285714,0.6,no
10.1465676,0.714285714,0.6,no
10.1465676,0.619047619,0.6,no
10.1465676,0.761904762,0.4,no
17.88637416,0.613636364,0.555555556,no
17.46824646,0.545454545,0.555555556,no
17.06922125,0.636363636,0.555555556,no
16.93977399,0.863636364,0.777777778,yes
16.68801869,0.568181818,0.555555556,no
16.68801869,0.545454545,0.555555556,no
16.68801869,0.545454545,0.555555556,no
16.68801869,0.772727273,0.555555556,no
16.68801869,0.545454545,0.555555556,no
16.32347078,0.75,0.555555556,no
16.32347078,0.545454545,0.555555556,no
15.97450941,0.795454545,0.555555556,no
15.92758501,0.590909091,0.666666667,no
15.6139097,0.568181818,0.666666667,no
15.4699393,0.818181818,0.555555556,no
15.46582556,0.977272727,0.555555556,no
15.31951172,0.772727273,0.555555556,no
15.31951172,0.772727273,0.555555556,no
15.31235072,0.545454545,0.666666667,no
15.02221935,0.727272727,0.666666667,no
15.01175072,0.545454545,0.555555556,no
15.01175072,0.727272727,0.555555556,no
14.75064133,0.818181818,0.777777778,no
14.71611171,0.772727273,0.555555556,no
14.71611171,0.840909091,0.666666667,no
14.71611171,0.727272727,0.555555556,no
14.43189233,0.545454545,0.444444444,no
14.43189233,0.772727273,0.555555556,no
14.43189233,0.613636364,0.555555556,no
14.43189233,0.818181818,0.666666667,no
17.88637416,0.444444444,0.454545455,no
17.46824646,0.537037037,0.454545455,no
17.43856139,0.685185185,0.636363636,no
17.06922125,0.444444444,0.454545455,no
17.05761796,0.574074074,0.545454545,no
16.68801869,0.574074074,0.454545455,no
16.68801869,0.574074074,0.454545455,no
16.68801869,0.444444444,0.454545455,no
16.68801869,0.592592593,0.454545455,no
16.55583252,0.888888889,0.727272727,no
16.50922844,0.648148148,0.636363636,no
16.32347078,0.462962963,0.454545455,no
16.0829189,0.740740741,0.545454545,no
15.97450941,0.462962963,0.454545455,no
15.96573895,0.777777778,0.454545455,no
15.87152703,0.703703704,0.545454545,no
15.68690336,0.703703704,0.545454545,no
15.52224205,0.444444444,0.545454545,no
15.377968,0.62962963,0.545454545,no
15.31951172,0.537037037,0.454545455,no
15.31951172,0.611111111,0.545454545,no
15.22245349,0.648148148,0.545454545,no
15.08096587,0.722222222,0.545454545,no
15.08096587,0.722222222,0.545454545,no
15.01175072,0.592592593,0.454545455,no
14.71611171,0.462962963,0.545454545,no
14.71611171,0.444444444,0.454545455,no
14.43189233,0.444444444,0.454545455,no
14.20783721,0.814814815,0.636363636,no
14.15844347,0.62962963,0.454545455,no
15.62634451,0.790697674,0.7,yes
14.16636455,0.465116279,0.4,no
13.56067057,0.627906977,0.4,no
13.33017775,0.651162791,0.6,no
13.15849502,0.674418605,0.5,yes
13.00464674,0.488372093,0.4,no
12.49193277,0.604651163,0.6,no
12.31743063,0.581395349,0.5,no
12.31743063,0.581395349,0.5,no
12.25115167,0.604651163,0.4,no
11.6689945,0.906976744,0.5,no
11.6200852,0.395348837,0.4,no
11.58266309,0.76744186,0.8,yes
11.30085564,0.441860465,0.5,no
11.11047508,0.651162791,0.5,no
11.11047508,0.627906977,0.5,no
11.07978161,0.674418605,0.5,no
10.8956422,0.465116279,0.5,no
10.71929606,0.465116279,0.3,no
10.70374082,0.511627907,0.5,no
10.70374082,0.488372093,0.5,no
10.54632617,0.697674419,0.4,no
10.40439737,0.674418605,0.7,no
10.40431495,0.790697674,0.5,no
10.23647938,0.76744186,0.7,no
10.18585261,0.744186047,0.5,no
10.17041953,0.674418605,0.5,no
10.15119321,0.651162791,0.5,no
9.902088298,0.604651163,0.6,no
9.69657388,0.488372093,0.3,no
18.52990244,0.875,0.7,yes
15.03834413,0.375,0.3,no
13.34687809,0.6,0.4,no
13.33017775,0.65,0.6,no
12.80009764,0.575,0.2,no
12.59566413,0.575,0.2,no
12.31743063,0.65,0.5,no
12.31743063,0.65,0.5,no
11.6200852,0.375,0.4,no
11.30085564,0.45,0.5,no
11.12020757,0.525,0.1,no
11.10078411,0.7,0.4,no
11.07978161,0.675,0.4,no
10.8956422,0.45,0.5,no
10.70374082,0.475,0.5,no
10.70374082,0.475,0.5,no
10.54000465,0.525,0.3,no
10.3586155,0.625,0.2,no
10.24859685,0.75,0.4,no
10.24097412,0.625,0.3,no
10.23647938,0.775,0.6,no
10.15119321,0.65,0.5,no
9.902088298,0.625,0.6,no
9.69657388,0.525,0.3,no
9.69070912,0.95,0.6,no
9.653001907,0.6,0.3,no
9.538839515,0.475,0.4,no
9.536323921,0.725,0.5,no
9.522313141,0.8,0.5,no
9.495226163,0.775,0.4,no
21.17149751,0.565217391,0.545454545,no
20.70900851,0.608695652,0.545454545,no
19.84211111,0.586956522,0.545454545,no
19.33239339,0.652173913,0.545454545,no
19.27437633,0.695652174,0.545454545,no
18.298553,0.717391304,0.636363636,no
17.66936721,0.760869565,0.545454545,no
17.20659648,0.782608696,0.545454545,no
16.65533843,0.804347826,0.636363636,no
16.60721455,0.826086957,0.636363636,no
16.58798993,0.782608696,0.636363636,no
16.58302939,0.695652174,0.545454545,no
15.68935923,0.543478261,0.454545455,no
15.68735007,0.717391304,0.636363636,no
15.54214661,0.739130435,0.363636364,no
15.54214661,0.739130435,0.363636364,no
15.12764238,0.869565217,0.636363636,no
15.12600871,0.760869565,0.636363636,no
15.1095958,0.739130435,0.636363636,no
15.04617251,0.782608696,0.545454545,no
14.9508324,0.826086957,0.636363636,no
14.67956063,0.673913043,0.636363636,no
14.59980879,0.47826087,0.454545455,no
14.59980879,0.5,0.454545455,no
14.55003105,0.586956522,0.454545455,no
14.28877868,0.782608696,0.545454545,no
14.17959225,0.652173913,0.454545455,no
14.0132037,0.52173913,0.454545455,no
13.9976609,0.652173913,0.272727273,no
13.84214006,0.782608696,0.636363636,no
18.57183364,0.674418605,0.727272727,no
17.87910292,0.674418605,0.636363636,no
17.8541033,0.651162791,0.636363636,no
17.60940865,0.674418605,0.636363636,no
17.07388442,0.465116279,0.363636364,no
16.90563773,0.744186047,0.545454545,no
16.90563773,0.744186047,0.545454545,no
16.90563773,0.744186047,0.545454545,no
16.7364481,0.604651163,0.636363636,no
16.72156852,0.511627907,0.363636364,no
16.69257772,0.465116279,0.363636364,no
16.21542129,0.813953488,0.636363636,no
16.16288074,0.511627907,0.454545455,no
16.09972644,0.511627907,0.363636364,no
15.42521383,0.837209302,0.727272727,no
15.36197156,0.534883721,0.545454545,no
15.01805209,0.651162791,0.636363636,no
14.96382174,0.697674419,0.636363636,no
14.60681095,0.627906977,0.545454545,yes
14.5903338,0.558139535,0.545454545,no
14.51708177,0.558139535,0.545454545,no
14.37022029,0.534883721,0.545454545,no
14.37022029,0.558139535,0.545454545,no
14.30928616,0.488372093,0.545454545,no
14.12794539,0.674418605,0.454545455,no
14.04169169,0.744186047,0.545454545,no
14.03861667,0.837209302,0.545454545,yes
13.99569803,0.674418605,0.454545455,no
13.96874907,0.76744186,0.545454545,no
13.79693961,0.744186047,0.636363636,no
18.90429012,0.913043478,0.9,yes
18.22812943,0.956521739,0.9,yes
16.57107456,0.804347826,0.8,no
15.76904022,0.630434783,0.6,no
14.46363516,0.869565217,0.8,no
14.27907294,0.804347826,0.8,no
13.82422827,0.782608696,0.7,no
13.44284618,0.891304348,0.7,no
13.32853456,0.804347826,0.7,no
13.18318208,0.826086957,0.7,no
13.10836189,0.543478261,0.4,no
13.06774169,0.826086957,0.8,no
12.96752912,0.456521739,0.5,no
12.89759626,0.869565217,0.8,no
12.61769021,0.913043478,0.8,no
12.52210735,0.760869565,0.6,no
12.43665523,0.826086957,0.7,no
12.43665523,0.804347826,0.7,no
12.31805256,0.891304348,0.8,no
12.27290097,0.586956522,0.6,no
12.05373598,0.586956522,0.6,no
11.73207105,0.956521739,0.8,no
11.70869722,0.826086957,0.8,no
11.6919147,0.717391304,0.7,no
11.6566501,0.847826087,0.7,no
11.64649072,0.52173913,0.7,no
11.52267437,0.804347826,0.7,no
11.47670048,0.782608696,0.7,no
11.37305535,0.565217391,0.6,no
11.30222235,0.847826087,0.7,no
15.29280974,0.826086957,0.666666667,yes
13.02661568,0.739130435,0.666666667,yes
12.98174179,0.391304348,0.333333333,no
11.67775967,0.391304348,0.333333333,no
11.52459728,0.608695652,0.5,no
11.32161832,0.608695652,0.5,no
10.19520096,0.391304348,0.333333333,no
9.935183362,0.434782609,0.166666667,no
9.807966424,0.739130435,0.5,no
9.742701568,0.608695652,0.333333333,no
9.485940438,0.739130435,0.666666667,no
9.480145987,0.826086957,0.5,no
9.409400314,0.608695652,0.333333333,no
9.341640713,0.47826087,0.333333333,no
9.341640713,0.47826087,0.333333333,no
9.303336788,0.652173913,0.5,no
9.260170193,0.347826087,0.166666667,no
9.25951492,0.52173913,0.333333333,no
9.21669091,0.695652174,0.5,no
9.150124562,0.47826087,0.333333333,no
9.114240038,0.565217391,0.166666667,no
9.053365177,0.347826087,0.166666667,no
9.053365177,0.47826087,0.166666667,no
8.985866292,0.869565217,0.333333333,no
8.917233372,0.739130435,0.666666667,no
8.855595427,0.608695652,0,no
8.855595427,0.347826087,0,no
8.753117824,0.782608696,0.5,no
8.740885687,0.869565217,0.5,no
12.81748023,0.5625,0.636363636,no
11.61087327,0.583333333,0.454545455,no
11.61087327,0.458333333,0.454545455,no
11.27913815,0.645833333,0.636363636,no
11.22319296,0.791666667,0.727272727,no
11.10359681,0.5625,0.454545455,no
11.03484684,0.958333333,0.818181818,no
10.66476943,0.854166667,0.636363636,yes
10.63879044,0.541666667,0.454545455,no
10.63879044,0.4375,0.363636364,no
10.42090102,0.625,0.545454545,no
10.21296727,0.708333333,0.545454545,no
10.21133493,0.458333333,0.454545455,no
9.816902045,0.520833333,0.454545455,no
9.630895901,0.583333333,0.363636364,no
9.618089059,0.895833333,0.727272727,no
9.515318892,0.875,0.727272727,yes
9.497850157,0.395833333,0.363636364,no
9.497850157,0.375,0.363636364,no
9.497850157,0.520833333,0.363636364,no
9.27582001,0.395833333,0.363636364,no
9.27582001,0.375,0.363636364,no
9.237964739,0.6875,0.636363636,yes
9.125262812,0.729166667,0.727272727,yes
9.12216783,0.75,0.636363636,no
9.12216783,0.75,0.636363636,no
9.077919899,0.895833333,0.818181818,no
9.063933484,0.5625,0.363636364,no
9.063933484,0.416666667,0.363636364,no
9.063933484,0.375,0.363636364,no
16.62966613,0.510638298,0.272727273,no
14.58446606,0.957446809,0.818181818,yes
13.9355608,0.829787234,0.636363636,no
13.79498072,0.553191489,0.363636364,no
13.41536913,0.468085106,0.272727273,no
13.19818363,0.276595745,0.363636364,no
12.33733805,0.574468085,0.272727273,no
12.33733805,0.510638298,0.272727273,no
12.1348195,0.723404255,0.636363636,no
12.09436849,0.531914894,0.272727273,no
12.08524717,0.808510638,0.545454545,no
12.00780154,0.70212766,0.454545455,no
12.00780154,0.70212766,0.454545455,no
12.00780154,0.70212766,0.454545455,no
12.00780154,0.70212766,0.454545455,no
11.86078411,0.510638298,0.272727273,no
11.76175514,0.70212766,0.454545455,no
11.76175514,0.70212766,0.454545455,no
11.75219786,0.638297872,0.363636364,no
11.65384262,0.787234043,0.454545455,no
11.57331199,0.553191489,0.363636364,no
11.39843747,0.638297872,0.272727273,no
11.2944703,0.382978723,0.272727273,no
11.21178083,0.70212766,0.272727273,no
11.13295329,0.70212766,0.454545455,no
11.01548286,0.680851064,0.454545455,no
11.00233944,0.70212766,0.272727273,no
10.98933029,0.425531915,0.363636364,no
10.85635931,0.680851064,0.545454545,no
10.82102412,0.680851064,0.454545455,no
13.33890415,0.8,0.555555556,no
13.25608588,0.857142857,0.555555556,no
12.81522074,0.571428571,0.444444444,no
12.79473734,0.6,0.444444444,no
12.65234307,0.628571429,0.444444444,no
12.10656828,0.685714286,0.444444444,no
11.17239757,0.6,0.333333333,no
10.95096923,0.714285714,0.555555556,no
10.9307414,0.771428571,0.444444444,no
10.61169655,0.514285714,0.333333333,no
10.54074875,0.485714286,0.444444444,no
10.37930899,0.771428571,0.666666667,no
10.28148116,0.771428571,0.444444444,no
10.27373423,0.8,0.555555556,no
10.26814976,0.771428571,0.333333333,no
10.23502086,0.6,0.444444444,no
10.02754732,0.628571429,0.444444444,no
10.00397887,0.771428571,0.555555556,no
9.995382267,0.685714286,0.444444444,no
9.848251125,0.742857143,0.444444444,no
9.687188738,0.714285714,0.444444444,no
9.476257086,0.8,0.555555556,no
9.403309417,0.657142857,0.444444444,no
9.217894448,0.628571429,0.444444444,no
9.130390108,0.685714286,0.444444444,no
8.973791278,0.828571429,0.555555556,no
8.967972363,0.657142857,0.444444444,no
8.956796431,0.257142857,0.222222222,no
8.876196231,0.542857143,0.333333333,no
8.876196231,0.485714286,0.333333333,no
16.2401618,0.826086957,1,no
13.22123752,0.956521739,1,yes
12.90795132,0.869565217,0.833333333,no
11.4142945,0.695652174,0.5,no
11.17538827,0.695652174,0.5,no
11.01698709,0.565217391,0.666666667,no
10.94627784,0.52173913,0.5,no
10.94627784,0.652173913,0.5,no
10.93244073,0.608695652,0.5,no
10.93244073,0.739130435,0.5,no
10.769459,0.565217391,0.166666667,no
10.769459,0.608695652,0.166666667,no
10.72637282,0.608695652,0.5,no
10.72637282,0.739130435,0.5,no
10.72463373,0.565217391,0.5,no
10.52467356,0.652173913,0.5,no
10.52467356,0.695652174,0.5,no
10.52467356,0.652173913,0.333333333,no
10.52467356,0.695652174,0.5,no
10.51512936,0.652173913,0.5,no
10.51512936,0.695652174,0.5,no
10.4708127,0.913043478,1,no
10.46333379,0.739130435,0.666666667,yes
10.33212058,0.652173913,0.5,no
10.31204558,0.52173913,0.5,no
10.31204558,0.608695652,0.333333333,no
10.31204558,0.695652174,0.333333333,no
10.21873364,0.434782609,0.5,no
10.21873364,0.739130435,0.5,no
10.21873364,0.47826087,0.5,yes
16.59593361,1,1,yes
15.41176048,0.529411765,0.625,no
13.5630661,0.764705882,0.75,no
12.43715217,1,1,yes
12.34993558,0.852941176,0.625,no
12.16747466,0.794117647,0.875,no
12.09562162,0.823529412,0.875,no
12.06579035,0.823529412,1,no
11.83351302,0.882352941,0.75,no
11.82117606,0.970588235,0.875,yes
11.6891078,0.882352941,0.875,no
11.68035154,0.617647059,0.625,no
11.55663343,0.823529412,0.625,no
11.47374359,0.823529412,0.625,no
11.33343458,0.823529412,0.625,no
11.33343458,0.823529412,0.625,no
11.33343458,0.823529412,0.625,no
11.33343458,0.823529412,0.625,no
11.33343458,0.823529412,0.625,no
11.33343458,0.823529412,0.625,no
11.22876061,0.794117647,0.625,no
11.0563159,0.558823529,0.625,no
11.02054818,0.617647059,0.625,no
10.90763086,0.676470588,0.625,no
10.864955,0.823529412,0.625,no
10.85600827,1,0.875,no
10.79428468,0.764705882,0.625,no
10.77756276,0.823529412,0.5,no
10.68010549,0.647058824,0.75,no
10.57039957,0.941176471,0.75,no
21.73640061,0.85,0.888888889,no
16.99262251,0.575,0.444444444,no
16.92247316,0.775,0.666666667,yes
16.45589314,0.8,0.555555556,no
16.45589314,0.8,0.555555556,no
16.45589314,0.8,0.555555556,no
15.82640481,0.525,0.444444444,no
15.64859251,0.95,0.888888889,yes
15.48108096,0.45,0.333333333,no
15.3195262,0.65,0.666666667,no
15.18211984,0.775,0.666666667,no
15.05977419,0.75,0.666666667,no
14.9979482,0.725,0.444444444,no
14.98414925,0.675,0.555555556,no
14.88866546,0.825,0.666666667,no
14.79959308,0.825,0.666666667,no
14.56779606,0.775,0.777777778,no
14.47603951,0.625,0.444444444,no
14.42886791,0.45,0.333333333,no
14.42886791,0.45,0.333333333,no
14.42570242,0.9,0.777777778,no
14.33557469,0.575,0.333333333,no
14.33221555,0.725,0.555555556,no
14.13899947,0.45,0.333333333,no
14.11088367,0.525,0.444444444,no
14.08827942,0.625,0.333333333,no
14.07711147,0.575,0.555555556,no
14.04648679,0.675,0.555555556,no
14.03739447,0.85,0.666666667,no
13.88393324,0.85,0.666666667,no
23.85914596,0.944444444,0.875,yes
20.71161527,0.416666667,0.625,no
20.2487389,0.611111111,0.625,no
20.1532146,0.972222222,1,yes
20.01093612,0.916666667,0.875,no
19.08923009,0.805555556,0.75,no
19.08923009,0.805555556,0.75,no
18.62530447,0.638888889,0.5,no
18.54409896,0.583333333,0.625,no
18.19501404,0.972222222,0.875,no
17.952348,0.944444444,0.875,no
17.44338382,0.944444444,0.875,no
16.87087217,0.944444444,0.875,no
16.74183037,0.888888889,1,no
16.63663694,0.805555556,0.75,no
16.62574307,0.916666667,0.75,no
16.30694991,0.944444444,0.875,no
16.27378754,0.888888889,0.625,no
16.12264139,0.611111111,0.625,no
15.94366618,0.805555556,0.75,no
15.87705033,0.777777778,0.625,no
15.44987152,0.5,0.5,no
15.33451682,0.722222222,0.625,no
15.25109048,0.694444444,0.75,no
15.25109048,0.666666667,0.75,no
15.073625,0.666666667,0.625,no
14.83246054,0.722222222,0.75,no
14.80653829,0.666666667,0.5,no
14.78689187,0.694444444,0.5,no
14.71978304,0.833333333,0.625,no
11.17241127,0.913043478,0.833333333,yes
11.99462963,0.782608696,0.5,yes
17.46039409,0.80952381,0.6,no
17.46039409,0.80952381,0.6,no
17.46039409,0.80952381,0.6,no
17.46039409,0.80952381,0.6,no
15.3204654,0.952380952,1,no
15.09984692,0.80952381,0.6,no
15.09984692,0.80952381,0.6,no
12.65476857,0.476190476,0.4,no
12.50830341,0.904761905,0.8,no
12.36335738,0.952380952,0.8,no
12.25873945,0.904761905,0.6,no
11.2046368,0.952380952,0.6,no
11.2046368,0.80952381,0.6,no
10.75635903,0.904761905,0.8,no
10.59715255,0.952380952,0.6,no
10.59715255,0.714285714,0.6,no
10.31746055,0.80952381,0.6,no
10.31746055,0.80952381,0.6,no
10.29399764,0.857142857,0.8,no
10.18556482,0.904761905,0.8,no
10.17662098,0.952380952,0.8,no
10.15523189,0.904761905,0.8,no
9.800147449,0.761904762,0.6,no
9.800147449,0.904761905,0.6,yes
9.515105318,0.714285714,0.6,no
9.477607328,0.619047619,0.6,no
9.373293838,0.952380952,0.8,yes
9.339436972,0.714285714,0.6,no
9.329672045,0.952380952,0.8,yes
9.164481725,0.761904762,0.8,no
